Date,Open,High,Low,Close,Volume
12/30/2022,128.41,129.95,127.43,129.93,"77,034,211"
12/29/2022,127.99,130.48,127.73,129.61,"75,703,711"
12/28/2022,129.67,131.03,125.87,126.04,"85,438,391"
12/27/2022,131.38,131.41,128.72,130.03,"69,007,828"
12/23/2022,130.92,132.42,129.64,131.86,"63,814,887"
12/22/2022,134.35,134.56,130.3,132.23,"77,852,109"
12/21/2022,132.98,136.81,132.75,135.45,"85,927,992"
12/20/2022,131.39,133.25,129.89,132.3,"77,432,812"
12/19/2022,135.11,135.2,131.32,132.37,"79,592,609"
12/16/2022,136.69,137.65,133.73,134.51,"160,156,891"
12/15/2022,141.11,141.8,136.03,136.5,"98,931,914"
12/14/2022,145.35,146.66,141.16,143.21,"82,291,188"
12/13/2022,149.5,149.97,144.24,145.47,"93,886,156"
12/12/2022,142.7,144.5,141.06,144.49,"70,462,648"
12/09/2022,142.34,145.57,140.9,142.16,"76,097,008"
12/08/2022,142.36,143.52,141.1,142.65,"62,128,340"
12/07/2022,142.19,143.37,140.0,140.94,"69,721,086"
12/06/2022,147.08,147.3,141.92,142.91,"64,727,191"
12/05/2022,147.77,150.92,145.77,146.63,"68,826,438"
12/02/2022,145.96,148.0,145.65,147.81,"65,447,449"
12/01/2022,148.21,149.13,146.61,148.31,"71,250,414"
11/30/2022,141.4,148.72,140.55,148.03,"111,380,898"
11/29/2022,144.29,144.81,140.36,141.17,"83,763,797"
11/28/2022,145.14,146.64,143.38,144.22,"69,346,523"
11/25/2022,148.31,148.88,147.12,148.11,"35,195,859"
11/23/2022,149.45,151.83,149.34,151.07,"58,301,398"
11/22/2022,148.13,150.42,146.93,150.18,"51,804,129"
11/21/2022,150.16,150.37,147.72,148.01,"58,724,070"
11/18/2022,152.31,152.7,149.97,151.29,"74,829,570"
11/17/2022,146.43,151.48,146.15,150.72,"80,389,398"
11/16/2022,149.13,149.87,147.29,148.79,"64,218,273"
11/15/2022,152.22,153.59,148.56,150.04,"89,868,328"
11/14/2022,148.97,150.28,147.43,148.28,"73,374,109"
11/11/2022,145.82,150.01,144.37,149.7,"93,979,672"
11/10/2022,141.24,146.87,139.5,146.87,"118,854,000"
11/09/2022,138.5,138.55,134.59,134.87,"74,917,789"
11/08/2022,140.41,141.43,137.49,139.5,"89,908,477"
11/07/2022,137.11,139.15,135.67,138.92,"83,374,633"
11/04/2022,142.09,142.67,134.38,138.38,"140,814,797"
11/03/2022,142.06,142.8,138.75,138.88,"97,918,523"
11/02/2022,148.95,152.17,145.0,145.03,"93,604,625"
11/01/2022,155.08,155.45,149.13,150.65,"80,379,352"
10/31/2022,153.16,154.24,151.92,153.34,"97,943,172"
10/28/2022,148.2,157.5,147.82,155.74,"164,762,406"
10/27/2022,148.07,149.05,144.13,144.8,"109,180,203"
10/26/2022,150.96,151.99,148.04,149.35,"88,436,172"
10/25/2022,150.09,152.49,149.36,152.34,"74,732,289"
10/24/2022,147.19,150.23,146.0,149.45,"75,981,922"
10/21/2022,142.87,147.85,142.65,147.27,"86,548,609"
10/20/2022,143.02,145.89,142.65,143.39,"64,521,992"
10/19/2022,141.69,144.95,141.5,143.86,"61,758,340"
10/18/2022,145.49,146.7,140.61,143.75,"99,136,609"
10/17/2022,141.07,142.9,140.27,142.41,"85,250,945"
10/14/2022,144.31,144.52,138.19,138.38,"88,597,969"
10/13/2022,134.99,143.59,134.37,142.99,"113,224,000"
10/12/2022,139.13,140.36,138.16,138.34,"70,433,742"
10/11/2022,139.9,141.35,138.22,138.98,"77,033,672"
10/10/2022,140.42,141.89,138.57,140.42,"74,899,000"
10/07/2022,142.54,143.1,139.45,140.09,"85,925,562"
10/06/2022,145.81,147.54,145.22,145.43,"68,402,172"
10/05/2022,144.08,147.38,143.01,146.4,"79,470,969"
10/04/2022,145.03,146.22,144.26,146.1,"87,830,062"
10/03/2022,138.21,143.07,137.69,142.45,"114,311,695"
09/30/2022,141.28,143.1,138.0,138.2,"124,925,297"
09/29/2022,146.1,146.72,140.68,142.48,"128,138,203"
09/28/2022,147.64,150.64,144.84,149.84,"146,691,391"
09/27/2022,152.74,154.72,149.95,151.76,"84,442,734"
09/26/2022,149.66,153.77,149.64,150.77,"93,339,406"
09/23/2022,151.19,151.47,148.56,150.43,"96,029,914"
09/22/2022,152.38,154.47,150.91,152.74,"86,652,547"
09/21/2022,157.34,158.74,153.6,153.72,"101,696,797"
09/20/2022,153.4,158.08,153.08,156.9,"107,689,797"
09/19/2022,149.31,154.56,149.1,154.48,"81,474,250"
09/16/2022,151.21,151.35,148.37,150.7,"162,278,797"
09/15/2022,154.65,155.24,151.38,152.37,"90,481,109"
09/14/2022,154.79,157.1,153.61,155.31,"87,965,406"
09/13/2022,159.9,160.54,153.37,153.84,"122,656,602"
09/12/2022,159.59,164.26,159.3,163.43,"104,956,000"
09/09/2022,155.47,157.82,154.75,157.37,"68,081,008"
09/08/2022,154.64,156.36,152.68,154.46,"84,923,852"
09/07/2022,154.83,156.67,153.61,155.96,"87,449,570"
09/06/2022,156.47,157.09,153.69,154.53,"73,714,844"
09/02/2022,159.75,160.36,154.97,155.81,"76,957,766"
09/01/2022,156.64,158.42,154.67,157.96,"74,229,906"
08/31/2022,160.31,160.58,157.14,157.22,"87,991,086"
08/30/2022,162.13,162.56,157.72,158.91,"77,906,203"
08/29/2022,161.15,162.9,159.82,161.38,"73,313,953"
08/26/2022,170.57,171.05,163.56,163.62,"78,960,977"
08/25/2022,168.78,170.14,168.35,170.03,"51,218,207"
08/24/2022,167.32,168.11,166.25,167.53,"53,841,520"
08/23/2022,167.08,168.71,166.65,167.23,"54,147,078"
08/22/2022,169.69,169.86,167.14,167.57,"69,026,805"
08/19/2022,173.03,173.74,171.31,171.52,"70,346,305"
08/18/2022,173.75,174.9,173.12,174.15,"62,290,078"
08/17/2022,172.77,176.15,172.57,174.55,"79,542,039"
08/16/2022,172.78,173.71,171.66,173.03,"56,377,047"
08/15/2022,171.52,173.39,171.35,173.19,"54,091,688"
08/12/2022,169.82,172.17,169.4,172.1,"68,039,375"
08/11/2022,170.06,170.99,168.19,168.49,"57,149,160"
08/10/2022,167.68,169.34,166.9,169.24,"70,170,547"
08/09/2022,164.02,165.82,163.25,164.92,"63,135,500"
08/08/2022,166.37,167.81,164.2,164.87,"60,362,340"
08/05/2022,163.21,165.85,163.0,165.35,"56,696,992"
08/04/2022,166.01,167.19,164.43,165.81,"55,474,141"
08/03/2022,160.84,166.59,160.75,166.13,"82,507,484"
08/02/2022,160.1,162.41,159.63,160.01,"59,907,031"
08/01/2022,161.01,163.59,160.89,161.51,"67,829,375"
07/29/2022,161.24,163.63,159.5,162.51,"101,786,898"
07/28/2022,156.98,157.64,154.41,157.35,"81,378,727"
07/27/2022,152.58,157.33,152.16,156.79,"78,620,688"
07/26/2022,152.27,153.09,150.8,151.6,"55,138,688"
07/25/2022,154.01,155.04,152.28,152.95,"53,623,953"
07/22/2022,155.39,156.28,153.41,154.09,"66,675,406"
07/21/2022,154.5,155.57,151.94,155.35,"65,086,641"
07/20/2022,151.12,153.72,150.37,153.04,"64,823,406"
07/19/2022,147.92,151.23,146.91,151.0,"82,982,367"
07/18/2022,150.74,151.57,146.7,147.07,"81,420,875"
07/15/2022,149.78,150.86,148.2,150.17,"76,259,930"
07/14/2022,144.08,148.95,143.25,148.47,"78,140,734"
07/13/2022,142.99,146.45,142.12,145.49,"71,185,562"
07/12/2022,145.76,148.45,145.05,145.86,"77,588,758"
07/11/2022,145.67,146.64,143.78,144.87,"63,305,113"
07/08/2022,145.27,147.55,145.0,147.04,"64,547,801"
07/07/2022,143.29,146.55,143.28,146.35,"66,253,711"
07/06/2022,141.36,144.12,141.08,142.92,"74,064,250"
07/05/2022,137.77,141.61,136.93,141.56,"73,429,641"
07/01/2022,136.04,139.04,135.66,138.93,"71,051,555"
06/30/2022,137.25,138.37,133.77,136.72,"98,964,469"
06/29/2022,137.46,140.67,136.67,139.23,"66,242,406"
06/28/2022,142.13,143.42,137.33,137.44,"67,315,328"
06/27/2022,142.7,143.49,140.97,141.66,"70,207,914"
06/24/2022,139.9,141.91,139.77,141.66,"89,116,844"
06/23/2022,136.82,138.59,135.63,138.27,"72,433,766"
06/22/2022,134.79,137.76,133.91,135.35,"73,409,234"
06/21/2022,133.42,137.06,133.32,135.87,"81,000,484"
06/17/2022,130.07,133.08,129.81,131.56,"134,520,297"
06/16/2022,132.08,132.39,129.04,130.06,"107,961,508"
06/15/2022,134.29,137.34,132.16,135.43,"91,532,969"
06/14/2022,133.13,133.89,131.48,132.76,"84,784,328"
06/13/2022,132.87,135.2,131.44,131.88,"122,207,102"
06/10/2022,140.28,140.76,137.06,137.13,"91,566,641"
06/09/2022,147.08,147.95,142.53,142.64,"69,472,977"
06/08/2022,148.58,149.87,147.46,147.96,"53,950,199"
06/07/2022,144.35,149.0,144.1,148.71,"67,808,148"
06/06/2022,147.03,148.57,144.9,146.14,"71,598,383"
06/03/2022,146.9,147.97,144.46,145.38,"88,570,289"
06/02/2022,147.83,151.27,146.86,151.21,"72,348,062"
06/01/2022,149.9,151.74,147.68,148.71,"74,286,641"
05/31/2022,149.07,150.66,146.84,148.84,"103,718,398"
05/27/2022,145.39,149.68,145.26,149.64,"90,978,492"
05/26/2022,137.39,144.34,137.14,143.78,"90,601,555"
05/25/2022,138.43,141.79,138.34,140.52,"92,482,703"
05/24/2022,140.81,141.97,137.33,140.36,"104,132,703"
05/23/2022,137.79,143.26,137.65,143.11,"117,726,305"
05/20/2022,139.09,140.7,132.61,137.59,"137,426,094"
05/19/2022,139.88,141.66,136.6,137.35,"136,095,594"
05/18/2022,146.85,147.36,139.9,140.82,"109,742,898"
05/17/2022,148.86,149.77,146.68,149.24,"78,336,250"
05/16/2022,145.55,147.52,144.18,145.54,"86,643,773"
05/13/2022,144.59,148.11,143.11,147.11,"113,990,898"
05/12/2022,142.77,146.2,138.8,142.56,"182,602,000"
05/11/2022,153.5,155.45,145.81,146.5,"142,689,797"
05/10/2022,155.52,156.74,152.93,154.51,"115,366,703"
05/09/2022,154.93,155.83,151.49,152.06,"131,577,906"
05/06/2022,156.01,159.44,154.18,157.28,"116,124,602"
05/05/2022,163.85,164.08,154.95,156.77,"130,525,297"
05/04/2022,159.67,166.48,159.26,166.02,"108,256,492"
05/03/2022,158.15,160.71,156.32,159.48,"88,966,531"
05/02/2022,156.71,158.23,153.27,157.96,"123,055,297"
04/29/2022,161.84,166.2,157.25,157.65,"131,747,594"
04/28/2022,159.25,164.52,158.93,163.64,"130,216,797"
04/27/2022,155.91,159.79,155.38,156.57,"88,063,195"
04/26/2022,162.25,162.34,156.72,156.8,"95,623,242"
04/25/2022,161.12,163.17,158.46,162.88,"96,046,383"
04/22/2022,166.46,167.87,161.5,161.79,"84,882,414"
04/21/2022,168.91,171.53,165.91,166.42,"87,227,766"
04/20/2022,168.76,168.88,166.1,167.23,"67,929,805"
04/19/2022,165.02,167.82,163.91,167.4,"67,723,828"
04/18/2022,163.92,166.6,163.57,165.07,"69,023,938"
04/14/2022,170.62,171.27,165.04,165.29,"75,329,375"
04/13/2022,167.39,171.04,166.77,170.4,"70,618,930"
04/12/2022,168.02,169.87,166.64,167.66,"79,265,188"
04/11/2022,168.71,169.03,165.5,165.75,"72,246,711"
04/08/2022,171.78,171.78,169.2,170.09,"76,575,516"
04/07/2022,171.16,173.36,169.85,172.14,"77,594,648"
04/06/2022,172.36,173.63,170.13,171.83,"89,058,781"
04/05/2022,177.5,178.3,174.42,175.06,"73,401,789"
04/04/2022,174.57,178.49,174.44,178.44,"76,545,984"
04/01/2022,174.03,174.88,171.94,174.31,"78,751,328"
03/31/2022,177.84,178.03,174.4,174.61,"103,049,297"
03/30/2022,178.55,179.61,176.7,177.77,"92,633,148"
03/29/2022,176.69,179.01,176.34,178.96,"100,589,398"
03/28/2022,172.17,175.73,172.0,175.6,"90,371,922"
03/25/2022,173.88,175.28,172.75,174.72,"80,546,156"
03/24/2022,171.06,174.14,170.21,174.07,"90,131,422"
03/23/2022,167.99,172.64,167.65,170.21,"98,062,672"
03/22/2022,165.51,169.42,164.91,168.82,"81,532,008"
03/21/2022,163.51,166.35,163.02,165.38,"95,811,352"
03/18/2022,160.51,164.48,159.76,163.98,"123,511,695"
03/17/2022,158.61,161.0,157.63,160.62,"75,615,375"
03/16/2022,157.05,160.0,154.46,159.59,"102,300,203"
03/15/2022,150.9,155.57,150.38,155.09,"92,964,305"
03/14/2022,151.45,154.12,150.1,150.62,"108,732,094"
03/11/2022,158.93,159.28,154.5,154.73,"96,970,094"
03/10/2022,160.2,160.39,155.98,158.52,"105,342,000"
03/09/2022,161.48,163.41,159.41,162.95,"91,454,914"
03/08/2022,158.82,162.88,155.8,157.44,"131,148,297"
03/07/2022,163.36,165.02,159.04,159.3,"96,418,852"
03/04/2022,164.49,165.55,162.1,163.17,"83,819,594"
03/03/2022,168.47,168.91,165.55,166.23,"76,678,438"
03/02/2022,164.39,167.36,162.95,166.56,"79,724,750"
03/01/2022,164.7,166.6,161.97,163.2,"83,474,430"
02/28/2022,163.06,165.42,162.43,165.12,"95,056,633"
02/25/2022,163.84,165.12,160.87,164.85,"91,974,227"
02/24/2022,152.58,162.85,152.0,162.74,"141,147,500"
02/23/2022,165.54,166.15,159.75,160.07,"90,009,250"
02/22/2022,164.98,166.69,162.15,164.32,"91,162,758"
02/18/2022,169.82,170.54,166.19,167.3,"82,772,672"
02/17/2022,171.03,171.91,168.47,168.88,"69,589,344"
02/16/2022,171.85,173.34,170.05,172.55,"61,177,398"
02/15/2022,170.97,172.95,170.25,172.79,"64,286,320"
02/14/2022,167.37,169.58,166.56,168.88,"86,185,531"
02/11/2022,172.33,173.08,168.04,168.64,"98,670,688"
02/10/2022,174.14,175.48,171.55,172.12,"90,865,906"
02/09/2022,176.05,176.65,174.9,176.28,"71,285,039"
02/08/2022,171.73,175.35,171.43,174.83,"74,829,219"
02/07/2022,172.86,173.95,170.95,171.66,"77,251,203"
02/04/2022,171.68,174.1,170.68,172.39,"82,465,398"
02/03/2022,174.48,176.24,172.12,172.9,"89,418,070"
02/02/2022,174.75,175.88,173.33,175.84,"84,914,258"
02/01/2022,174.01,174.84,172.31,174.61,"86,213,914"
01/31/2022,170.16,175.0,169.51,174.78,"115,541,602"
01/28/2022,165.71,170.35,162.8,170.33,"179,935,703"
01/27/2022,162.45,163.84,158.28,159.22,"121,954,602"
01/26/2022,163.5,164.39,157.82,159.69,"108,275,297"
01/25/2022,158.98,162.76,157.02,159.78,"115,798,398"
01/24/2022,160.02,162.3,154.7,161.62,"162,706,703"
01/21/2022,164.42,166.33,162.3,162.41,"122,848,898"
01/20/2022,166.98,169.68,164.18,164.51,"91,420,523"
01/19/2022,170.0,171.08,165.94,166.23,"94,814,992"
01/18/2022,171.51,172.54,169.41,169.8,"91,168,727"
01/14/2022,171.34,173.78,171.09,173.07,"80,440,781"
01/13/2022,175.78,176.62,171.79,172.19,"84,505,758"
01/12/2022,176.12,177.18,174.82,175.53,"74,805,172"
01/11/2022,172.32,175.18,170.82,175.08,"76,138,312"
01/10/2022,169.08,172.5,168.17,172.19,"106,765,602"
01/07/2022,172.89,174.14,171.03,172.17,"86,709,148"
01/06/2022,172.7,175.3,171.64,172.0,"96,903,961"
01/05/2022,179.61,180.17,174.64,174.92,"94,537,602"
01/04/2022,182.63,182.94,179.12,179.7,"99,310,438"
01/03/2022,177.83,182.88,177.71,182.01,"104,701,203"
12/29/2023,193.9,194.4,191.73,192.53,"42,672,152"
12/28/2023,194.14,194.66,193.17,193.58,"34,049,898"
12/27/2023,192.49,193.5,191.09,193.15,"48,087,680"
12/26/2023,193.61,193.89,192.83,193.05,"28,919,311"
12/22/2023,195.18,195.41,192.97,193.6,"37,149,566"
12/21/2023,196.1,197.08,193.5,194.68,"46,482,551"
12/20/2023,196.9,197.68,194.83,194.83,"52,242,820"
12/19/2023,196.16,196.95,195.89,196.94,"40,714,047"
12/18/2023,196.09,196.63,194.39,195.89,"55,751,859"
12/15/2023,197.53,198.4,197.0,197.57,"128,538,398"
12/14/2023,198.02,199.62,196.16,198.11,"66,831,570"
12/13/2023,195.09,198.0,194.85,197.96,"70,404,180"
12/12/2023,193.08,194.72,191.72,194.71,"52,696,898"
12/11/2023,193.11,193.49,191.42,193.18,"60,943,699"
12/08/2023,194.2,195.99,193.67,195.71,"53,406,359"
12/07/2023,193.63,195.0,193.59,194.27,"47,477,660"
12/06/2023,194.45,194.76,192.11,192.32,"41,089,738"
12/05/2023,190.21,194.4,190.18,193.42,"66,628,398"
12/04/2023,189.98,190.05,187.45,189.43,"43,389,520"
12/01/2023,190.33,191.56,189.23,191.24,"45,704,820"
11/30/2023,189.84,190.32,188.19,189.95,"48,794,367"
11/29/2023,190.9,192.09,188.97,189.37,"43,014,219"
11/28/2023,189.78,191.08,189.4,190.4,"38,415,422"
11/27/2023,189.92,190.67,188.9,189.79,"40,552,609"
11/24/2023,190.87,190.9,189.25,189.97,"24,048,340"
11/22/2023,191.49,192.93,190.83,191.31,"39,630,008"
11/21/2023,191.41,191.52,189.74,190.64,"38,134,488"
11/20/2023,189.89,191.91,189.88,191.45,"46,538,609"
11/17/2023,190.25,190.38,188.57,189.69,"50,941,398"
11/16/2023,189.57,190.96,188.65,189.71,"54,412,922"
11/15/2023,187.85,189.5,187.78,188.01,"53,790,500"
11/14/2023,187.7,188.11,186.3,187.44,"60,108,379"
11/13/2023,185.82,186.03,184.21,184.8,"43,627,520"
11/10/2023,183.97,186.57,183.53,186.4,"66,177,922"
11/09/2023,182.96,184.12,181.81,182.41,"53,763,539"
11/08/2023,182.35,183.45,181.59,182.89,"49,340,281"
11/07/2023,179.18,182.44,178.97,181.82,"70,529,969"
11/06/2023,176.38,179.43,176.21,179.23,"63,841,312"
11/03/2023,174.24,176.82,173.35,176.65,"79,829,250"
11/02/2023,175.52,177.78,175.46,177.57,"77,334,750"
11/01/2023,171.0,174.23,170.12,173.97,"56,934,910"
10/31/2023,169.35,170.9,167.9,170.77,"44,846,020"
10/30/2023,169.02,171.17,168.87,170.29,"51,130,961"
10/27/2023,166.91,168.96,166.83,168.22,"58,499,129"
10/26/2023,170.37,171.38,165.67,166.89,"70,625,266"
10/25/2023,171.88,173.06,170.65,171.1,"57,156,961"
10/24/2023,173.05,173.67,171.45,173.44,"43,816,641"
10/23/2023,170.91,174.01,169.93,173.0,"55,980,113"
10/20/2023,175.31,175.42,172.64,172.88,"64,244,031"
10/19/2023,176.04,177.84,175.19,175.46,"59,302,859"
10/18/2023,175.58,177.58,175.11,175.84,"54,764,379"
10/17/2023,176.65,178.42,174.8,177.15,"57,549,352"
10/16/2023,176.75,179.08,176.51,178.72,"52,516,980"
10/13/2023,181.42,181.93,178.14,178.85,"51,456,078"
10/12/2023,180.07,182.34,179.04,180.71,"56,743,121"
10/11/2023,178.2,179.85,177.6,179.8,"47,551,102"
10/10/2023,178.1,179.72,177.95,178.39,"43,698,020"
10/09/2023,176.81,179.05,175.8,178.99,"42,390,770"
10/06/2023,173.8,177.99,173.18,177.49,"57,266,680"
10/05/2023,173.79,175.45,172.68,174.91,"48,527,922"
10/04/2023,171.09,174.21,170.97,173.66,"53,020,289"
10/03/2023,172.26,173.63,170.82,172.4,"49,594,609"
10/02/2023,171.22,174.3,170.93,173.75,"52,164,539"
09/29/2023,172.02,173.07,170.34,171.21,"51,861,078"
09/28/2023,169.34,172.03,167.62,170.69,"56,294,422"
09/27/2023,172.62,173.04,169.05,170.43,"66,921,805"
09/26/2023,174.82,175.2,171.66,171.96,"64,588,953"
09/25/2023,174.2,176.97,174.15,176.08,"46,172,738"
09/22/2023,174.67,177.08,174.05,174.79,"56,725,391"
09/21/2023,174.55,176.3,173.86,173.93,"63,149,121"
09/20/2023,179.26,179.7,175.4,175.49,"58,436,180"
09/19/2023,177.52,179.63,177.13,179.07,"51,826,941"
09/18/2023,176.48,179.38,176.17,177.97,"67,257,570"
09/15/2023,176.48,176.5,173.82,175.01,"109,259,508"
09/14/2023,174.0,176.1,173.58,175.74,"60,895,762"
09/13/2023,176.51,177.3,173.98,174.21,"84,267,930"
09/12/2023,179.49,180.13,174.82,176.3,"90,370,195"
09/11/2023,180.07,180.3,177.34,179.36,"58,953,047"
09/08/2023,178.35,180.24,177.79,178.18,"65,602,070"
09/07/2023,175.18,178.21,173.54,177.56,"112,488,797"
09/06/2023,188.4,188.85,181.47,182.91,"81,755,820"
09/05/2023,188.28,189.98,187.61,189.7,"45,280,031"
09/01/2023,189.49,189.92,188.28,189.46,"45,766,500"
08/31/2023,187.84,189.12,187.48,187.87,"60,794,473"
08/30/2023,184.94,187.85,184.74,187.65,"60,813,887"
08/29/2023,179.7,184.9,179.5,184.12,"53,003,953"
08/28/2023,180.09,180.59,178.55,180.19,"43,820,699"
08/25/2023,177.38,179.15,175.82,178.61,"51,449,594"
08/24/2023,180.67,181.1,176.01,176.38,"54,945,801"
08/23/2023,178.52,181.55,178.33,181.12,"52,722,754"
08/22/2023,177.06,177.68,176.25,177.23,"42,084,246"
08/21/2023,175.07,176.13,173.74,175.84,"46,311,879"
08/18/2023,172.3,175.1,171.96,174.49,"61,172,152"
08/17/2023,177.14,177.51,173.48,174.0,"66,062,883"
08/16/2023,177.13,178.54,176.5,176.57,"46,964,859"
08/15/2023,178.88,179.48,177.05,177.45,"43,622,594"
08/14/2023,177.97,179.69,177.31,179.46,"43,675,633"
08/11/2023,177.32,178.62,176.55,177.79,"52,036,672"
08/10/2023,179.48,180.75,177.6,177.97,"54,686,848"
08/09/2023,180.87,180.93,177.01,178.19,"60,378,488"
08/08/2023,179.69,180.27,177.58,179.8,"67,823,000"
08/07/2023,182.13,183.13,177.35,178.85,"97,576,070"
08/04/2023,185.52,187.38,181.92,181.99,"115,956,797"
08/03/2023,191.57,192.37,190.69,191.17,"62,243,281"
08/02/2023,195.04,195.18,191.85,192.58,"50,389,328"
08/01/2023,196.24,196.73,195.28,195.61,"35,281,434"
07/31/2023,196.06,196.49,195.26,196.45,"38,824,113"
07/28/2023,194.67,196.63,194.14,195.83,"48,291,441"
07/27/2023,196.02,197.2,192.55,193.22,"47,460,180"
07/26/2023,193.67,195.64,193.32,194.5,"47,471,871"
07/25/2023,193.33,194.44,192.92,193.62,"37,283,199"
07/24/2023,193.41,194.91,192.25,192.75,"45,505,102"
07/21/2023,194.1,194.97,191.23,191.94,"71,951,680"
07/20/2023,195.09,196.47,192.5,193.13,"59,581,199"
07/19/2023,193.1,198.23,192.65,195.1,"80,507,320"
07/18/2023,193.35,194.33,192.42,193.73,"48,353,770"
07/17/2023,191.9,194.32,191.81,193.99,"50,520,160"
07/14/2023,190.23,191.18,189.63,190.69,"41,616,238"
07/13/2023,190.5,191.19,189.78,190.54,"41,342,340"
07/12/2023,189.68,191.7,188.47,189.77,"60,750,246"
07/11/2023,189.16,189.3,186.6,188.08,"46,638,121"
07/10/2023,189.26,189.99,187.04,188.61,"59,922,160"
07/07/2023,191.41,192.67,190.24,190.68,"46,815,000"
07/06/2023,189.84,192.02,189.2,191.81,"45,156,008"
07/05/2023,191.57,192.98,190.62,191.33,"46,920,262"
07/03/2023,193.78,193.88,191.76,192.46,"31,346,600"
06/30/2023,191.63,194.48,191.26,193.97,"85,213,219"
06/29/2023,189.08,190.07,188.94,189.59,"46,347,312"
06/28/2023,187.93,189.9,187.6,189.25,"51,216,801"
06/27/2023,185.89,188.39,185.67,188.06,"50,730,848"
06/26/2023,186.83,188.05,185.23,185.27,"48,088,660"
06/23/2023,185.55,187.56,185.01,186.68,"53,117,000"
06/22/2023,183.74,187.05,183.67,187.0,"51,245,328"
06/21/2023,184.9,185.41,182.59,183.96,"49,515,699"
06/20/2023,184.41,186.1,184.41,185.01,"49,799,090"
06/16/2023,186.73,186.99,184.27,184.92,"101,256,203"
06/15/2023,183.96,186.52,183.78,186.01,"65,433,168"
06/14/2023,183.37,184.39,182.02,183.95,"57,462,879"
06/13/2023,182.8,184.15,182.44,183.31,"54,929,129"
06/12/2023,181.27,183.89,180.97,183.79,"54,755,000"
06/09/2023,181.5,182.23,180.63,180.96,"48,899,969"
06/08/2023,177.9,180.84,177.46,180.57,"50,214,879"
06/07/2023,178.44,181.21,177.32,177.82,"61,944,621"
06/06/2023,179.97,180.12,177.43,179.21,"64,848,367"
06/05/2023,182.63,184.95,178.04,179.58,"121,946,492"
06/02/2023,181.03,181.78,179.26,180.95,"61,996,910"
06/01/2023,177.7,180.12,176.93,180.09,"68,901,805"
05/31/2023,177.33,179.35,176.76,177.25,"99,625,289"
05/30/2023,176.96,178.99,176.57,177.3,"55,964,398"
05/26/2023,173.32,175.77,173.11,175.43,"54,834,980"
05/25/2023,172.41,173.9,171.69,172.99,"56,058,262"
05/24/2023,171.09,172.42,170.52,171.84,"45,143,488"
05/23/2023,173.13,173.38,171.28,171.56,"50,747,262"
05/22/2023,173.98,174.71,173.45,174.2,"43,570,930"
05/19/2023,176.39,176.39,174.94,175.16,"55,809,480"
05/18/2023,173.0,175.24,172.58,175.05,"65,496,660"
05/17/2023,171.71,172.93,170.42,172.69,"57,951,602"
05/16/2023,171.99,173.14,171.8,172.07,"42,110,289"
05/15/2023,173.16,173.21,171.47,172.07,"37,266,660"
05/12/2023,173.62,174.06,171.0,172.57,"45,533,141"
05/11/2023,173.85,174.59,172.17,173.75,"49,514,680"
05/10/2023,173.02,174.03,171.9,173.56,"53,724,500"
05/09/2023,173.05,173.54,171.6,171.77,"45,326,871"
05/08/2023,172.48,173.85,172.11,173.5,"55,962,793"
05/05/2023,170.98,174.3,170.76,173.57,"113,453,203"
05/04/2023,164.89,167.04,164.31,165.79,"81,235,430"
05/03/2023,169.5,170.92,167.16,167.45,"65,136,020"
05/02/2023,170.09,170.35,167.54,168.54,"48,425,699"
05/01/2023,169.28,170.45,168.64,169.59,"52,472,941"
04/28/2023,168.49,169.85,167.88,169.68,"55,275,848"
04/27/2023,165.19,168.56,165.19,168.41,"64,902,328"
04/26/2023,163.06,165.28,162.8,163.76,"45,498,801"
04/25/2023,165.19,166.31,163.73,163.77,"48,714,059"
04/24/2023,165.0,165.6,163.89,165.33,"41,949,578"
04/21/2023,165.05,166.45,164.49,165.02,"58,337,340"
04/20/2023,166.09,167.87,165.56,166.65,"52,456,379"
04/19/2023,165.8,168.16,165.54,167.63,"47,720,168"
04/18/2023,166.1,167.41,165.65,166.47,"49,923,008"
04/17/2023,165.09,165.39,164.03,165.23,"41,516,219"
04/14/2023,164.59,166.32,163.82,165.21,"49,386,480"
04/13/2023,161.63,165.8,161.42,165.56,"68,445,648"
04/12/2023,161.22,162.06,159.78,160.1,"50,133,059"
04/11/2023,162.35,162.36,160.51,160.8,"47,644,219"
04/10/2023,161.42,162.03,160.08,162.03,"47,716,879"
04/06/2023,162.43,164.96,162.0,164.66,"45,390,121"
04/05/2023,164.74,165.05,161.8,163.76,"51,511,738"
04/04/2023,166.6,166.84,165.11,165.63,"46,278,301"
04/03/2023,164.27,166.29,164.22,166.17,"56,976,191"
03/31/2023,162.44,165.0,161.91,164.9,"68,749,789"
03/30/2023,161.53,162.47,161.27,162.36,"49,501,688"
03/29/2023,159.37,161.05,159.35,160.77,"51,305,688"
03/28/2023,157.97,158.49,155.98,157.65,"45,992,152"
03/27/2023,159.94,160.77,157.87,158.28,"52,390,273"
03/24/2023,158.86,160.34,157.85,160.25,"59,256,340"
03/23/2023,158.83,161.55,157.68,158.93,"67,622,062"
03/22/2023,159.3,162.14,157.81,157.83,"75,701,805"
03/21/2023,157.32,159.4,156.54,159.28,"73,938,289"
03/20/2023,155.07,157.82,154.15,157.4,"73,641,422"
03/17/2023,156.08,156.74,154.28,155.0,"98,944,633"
03/16/2023,152.16,156.46,151.64,155.85,"76,254,414"
03/15/2023,151.19,153.25,149.92,152.99,"77,167,875"
03/14/2023,151.28,153.4,150.1,152.59,"73,695,891"
03/13/2023,147.81,153.14,147.7,150.47,"84,457,117"
03/10/2023,150.21,150.94,147.61,148.5,"68,572,398"
03/09/2023,153.56,154.54,150.23,150.59,"53,833,578"
03/08/2023,152.81,153.47,151.83,152.87,"47,204,793"
03/07/2023,153.7,154.03,151.13,151.6,"56,182,031"
03/06/2023,153.79,156.3,153.46,153.83,"87,558,031"
03/03/2023,148.05,151.11,147.33,151.03,"70,732,305"
03/02/2023,144.38,146.71,143.9,145.91,"52,279,762"
03/01/2023,146.83,147.23,145.01,145.31,"55,478,992"
02/28/2023,147.05,149.08,146.83,147.41,"50,547,000"
02/27/2023,147.71,149.17,147.45,147.92,"44,998,473"
02/24/2023,147.11,147.19,145.72,146.71,"55,469,609"
02/23/2023,150.09,150.34,147.24,149.4,"48,394,246"
02/22/2023,148.87,149.95,147.16,148.91,"51,011,312"
02/21/2023,150.2,151.3,148.41,148.48,"58,867,230"
02/17/2023,152.35,153.0,150.85,152.55,"59,144,121"
02/16/2023,153.51,156.33,153.35,153.71,"68,167,938"
02/15/2023,153.11,155.5,152.88,155.33,"65,669,250"
02/14/2023,152.12,153.77,150.86,153.2,"61,707,566"
02/13/2023,150.95,154.26,150.92,153.85,"62,199,008"
02/10/2023,149.46,151.34,149.22,151.01,"57,450,711"
02/09/2023,153.78,154.33,150.42,150.87,"56,007,141"
02/08/2023,153.88,154.58,151.17,151.92,"64,120,078"
02/07/2023,150.64,155.23,150.64,154.65,"83,322,555"
02/06/2023,152.58,153.1,150.78,151.73,"69,858,312"
02/03/2023,148.03,157.38,147.83,154.5,"154,357,297"
02/02/2023,148.9,151.18,148.17,150.82,"118,339,000"
02/01/2023,143.97,146.61,141.32,145.43,"77,663,633"
01/31/2023,142.7,144.34,142.28,144.29,"65,874,461"
01/30/2023,144.96,145.55,142.85,143.0,"64,015,273"
01/27/2023,143.16,147.23,143.08,145.93,"70,555,844"
01/26/2023,143.17,144.25,141.9,143.96,"54,105,070"
01/25/2023,140.89,142.43,138.81,141.86,"65,799,352"
01/24/2023,140.31,143.16,140.3,142.53,"66,435,141"
01/23/2023,138.12,143.32,137.9,141.11,"81,760,312"
01/20/2023,135.28,138.02,134.22,137.87,"80,223,633"
01/19/2023,134.08,136.25,133.77,135.27,"58,280,406"
01/18/2023,136.82,138.61,135.03,135.21,"69,672,797"
01/17/2023,134.83,137.29,134.13,135.94,"63,646,633"
01/13/2023,132.03,134.92,131.66,134.76,"57,809,719"
01/12/2023,133.88,134.26,131.44,133.41,"71,379,648"
01/11/2023,131.25,133.51,130.46,133.49,"69,458,953"
01/10/2023,130.26,131.26,128.12,130.73,"63,896,160"
01/09/2023,130.47,133.41,129.89,130.15,"70,790,805"
01/06/2023,126.01,130.29,124.89,129.62,"87,754,719"
01/05/2023,127.13,127.77,124.76,125.02,"80,962,711"
01/04/2023,126.89,128.66,125.08,126.36,"89,113,633"
01/03/2023,130.28,130.9,124.17,125.07,"112,117,508"
12/31/2024,252.44,253.28,249.43,250.42,"39,480,719"
12/30/2024,252.23,253.5,250.75,252.2,"35,557,539"
12/27/2024,257.83,258.7,253.06,255.59,"42,355,320"
12/26/2024,258.19,260.1,257.63,259.02,"27,262,980"
12/24/2024,255.49,258.21,255.29,258.2,"23,234,711"
12/23/2024,254.77,255.65,253.45,255.27,"40,858,770"
12/20/2024,248.04,255.0,245.69,254.49,"147,495,297"
12/19/2024,247.5,252.0,247.09,249.79,"60,882,262"
12/18/2024,252.16,254.28,247.74,248.05,"56,774,102"
12/17/2024,250.08,253.83,249.78,253.48,"51,356,359"
12/16/2024,247.99,251.38,247.65,251.04,"51,694,754"
12/13/2024,247.82,249.29,246.24,248.13,"33,155,289"
12/12/2024,246.89,248.74,245.68,247.96,"32,777,531"
12/11/2024,247.96,250.8,246.26,246.49,"45,205,809"
12/10/2024,246.89,248.21,245.34,247.77,"36,914,809"
12/09/2024,241.83,247.24,241.75,246.75,"44,649,230"
12/06/2024,242.91,244.63,242.08,242.84,"36,870,621"
12/05/2024,243.99,244.54,242.13,243.04,"40,033,879"
12/04/2024,242.87,244.11,241.25,243.01,"44,383,941"
12/03/2024,239.81,242.76,238.9,242.65,"38,861,020"
12/02/2024,237.27,240.79,237.16,239.59,"48,137,102"
11/29/2024,234.81,237.81,233.97,237.33,"28,481,381"
11/27/2024,234.47,235.69,233.81,234.93,"33,498,441"
11/26/2024,233.33,235.57,233.33,235.06,"45,986,191"
11/25/2024,231.46,233.25,229.74,232.87,"90,152,828"
11/22/2024,228.06,230.72,228.06,229.87,"38,168,246"
11/21/2024,228.88,230.16,225.71,228.52,"42,108,328"
11/20/2024,228.06,229.93,225.89,229.0,"35,169,566"
11/19/2024,226.98,230.16,226.66,228.28,"36,211,770"
11/18/2024,225.25,229.74,225.17,228.02,"44,686,020"
11/15/2024,226.4,226.92,224.27,225.0,"47,923,699"
11/14/2024,225.02,228.87,225.0,228.22,"44,923,941"
11/13/2024,224.01,226.65,222.76,225.12,"48,566,219"
11/12/2024,224.55,225.59,223.36,224.23,"40,398,301"
11/11/2024,225.0,225.7,221.5,224.23,"42,005,602"
11/08/2024,227.17,228.66,226.41,226.96,"38,328,820"
11/07/2024,224.63,227.88,224.57,227.48,"42,137,688"
11/06/2024,222.61,226.07,221.19,222.72,"54,561,121"
11/05/2024,221.8,223.95,221.14,223.45,"28,111,340"
11/04/2024,220.99,222.79,219.71,222.01,"44,944,473"
11/01/2024,220.97,225.35,220.27,222.91,"65,276,738"
10/31/2024,229.34,229.83,225.37,225.91,"64,370,090"
10/30/2024,232.61,233.47,229.55,230.1,"47,070,910"
10/29/2024,233.1,234.33,232.32,233.67,"35,417,246"
10/28/2024,233.32,234.73,232.55,233.4,"36,087,129"
10/25/2024,229.74,233.22,229.57,231.41,"38,802,301"
10/24/2024,229.98,230.82,228.41,230.57,"31,109,500"
10/23/2024,234.08,235.14,227.76,230.76,"52,286,980"
10/22/2024,233.89,236.22,232.6,235.86,"38,846,578"
10/21/2024,234.45,236.85,234.45,236.48,"36,254,473"
10/18/2024,236.18,236.18,234.01,235.0,"46,431,473"
10/17/2024,233.43,233.85,230.52,232.15,"32,993,809"
10/16/2024,231.6,232.12,229.84,231.78,"34,082,238"
10/15/2024,233.61,237.49,232.37,233.85,"64,751,367"
10/14/2024,228.7,231.73,228.6,231.3,"39,882,090"
10/11/2024,229.3,229.41,227.34,227.55,"31,759,189"
10/10/2024,227.78,229.5,227.17,229.04,"28,183,539"
10/09/2024,225.23,229.75,224.83,229.54,"33,591,090"
10/08/2024,224.3,225.98,223.25,225.77,"31,855,689"
10/07/2024,224.5,225.69,221.33,221.69,"39,505,352"
10/04/2024,227.9,228.0,224.13,226.8,"37,345,102"
10/03/2024,225.14,226.81,223.32,225.67,"34,044,160"
10/02/2024,225.89,227.37,223.02,226.78,"32,880,609"
10/01/2024,229.52,229.65,223.74,226.21,"63,285,047"
09/30/2024,230.04,233.0,229.65,233.0,"54,793,391"
09/27/2024,228.46,229.52,227.3,227.79,"34,025,969"
09/26/2024,227.3,228.5,225.41,227.52,"36,636,711"
09/25/2024,224.93,227.29,224.02,226.37,"42,308,719"
09/24/2024,228.65,229.35,225.73,227.37,"43,556,070"
09/23/2024,227.34,229.45,225.81,226.47,"54,146,020"
09/20/2024,229.97,233.09,227.62,228.2,"318,679,906"
09/19/2024,224.99,229.82,224.63,228.87,"66,781,320"
09/18/2024,217.55,222.71,217.54,220.69,"59,894,930"
09/17/2024,215.75,216.9,214.5,216.79,"45,519,340"
09/16/2024,216.54,217.22,213.92,216.32,"59,357,434"
09/13/2024,223.58,224.04,221.91,222.5,"36,766,621"
09/12/2024,222.5,223.55,219.82,222.77,"37,498,230"
09/11/2024,221.46,223.09,217.89,222.66,"44,587,070"
09/10/2024,218.92,221.48,216.73,220.11,"51,591,031"
09/09/2024,220.82,221.27,216.71,220.91,"67,179,969"
09/06/2024,223.95,225.24,219.77,220.82,"48,423,008"
09/05/2024,221.63,225.48,221.52,222.38,"36,615,398"
09/04/2024,221.66,221.78,217.48,220.85,"43,840,199"
09/03/2024,228.55,229.0,221.17,222.77,"50,087,200"
08/30/2024,230.19,230.4,227.48,229.0,"52,990,770"
08/29/2024,230.1,232.92,228.88,229.79,"51,906,301"
08/28/2024,227.92,229.86,225.68,226.49,"38,052,168"
08/27/2024,226.0,228.85,224.89,228.03,"35,934,559"
08/26/2024,226.76,227.28,223.89,227.18,"30,602,211"
08/23/2024,225.66,228.22,224.33,226.84,"38,677,246"
08/22/2024,227.79,228.34,223.9,224.53,"43,695,320"
08/21/2024,226.52,227.98,225.05,226.4,"34,765,480"
08/20/2024,225.77,227.17,225.45,226.51,"30,299,029"
08/19/2024,225.72,225.99,223.04,225.89,"40,687,809"
08/16/2024,223.92,226.83,223.65,226.05,"44,340,238"
08/15/2024,224.6,225.35,222.76,224.72,"46,414,008"
08/14/2024,220.57,223.03,219.7,221.72,"41,960,566"
08/13/2024,219.01,221.89,219.01,221.27,"44,155,328"
08/12/2024,216.07,219.51,215.6,217.53,"38,028,090"
08/09/2024,212.1,216.78,211.97,216.24,"42,201,648"
08/08/2024,213.11,214.2,208.83,213.31,"47,161,152"
08/07/2024,206.9,213.64,206.39,209.82,"63,516,422"
08/06/2024,205.3,209.99,201.07,207.23,"69,660,484"
08/05/2024,199.09,213.5,196.0,209.27,"119,548,602"
08/02/2024,219.15,225.6,217.71,219.86,"105,568,602"
08/01/2024,224.37,224.48,217.02,218.36,"62,501,000"
07/31/2024,221.44,223.82,220.63,222.08,"50,036,262"
07/30/2024,219.19,220.33,216.12,218.8,"41,643,840"
07/29/2024,216.96,219.3,215.75,218.24,"36,311,781"
07/26/2024,218.7,219.49,216.01,217.96,"41,601,352"
07/25/2024,218.93,220.85,214.62,217.49,"51,391,199"
07/24/2024,224.0,224.8,217.13,218.54,"61,777,578"
07/23/2024,224.37,226.94,222.68,225.01,"39,960,262"
07/22/2024,227.01,227.78,223.09,223.96,"48,201,840"
07/19/2024,224.82,226.8,223.28,224.31,"49,151,449"
07/18/2024,230.28,230.44,222.27,224.18,"66,034,594"
07/17/2024,229.45,231.46,226.64,228.88,"57,345,879"
07/16/2024,235.0,236.27,232.33,234.82,"43,234,281"
07/15/2024,236.48,237.23,233.09,234.4,"62,631,246"
07/12/2024,228.92,232.64,228.68,230.54,"53,046,527"
07/11/2024,231.39,232.39,225.77,227.57,"64,710,621"
07/10/2024,229.3,233.08,229.25,232.98,"62,627,688"
07/09/2024,227.93,229.4,226.37,228.68,"48,169,820"
07/08/2024,227.09,227.85,223.25,227.82,"59,085,859"
07/05/2024,221.65,226.45,221.65,226.34,"60,412,406"
07/03/2024,220.0,221.55,219.03,221.55,"37,369,801"
07/02/2024,216.15,220.38,215.1,220.27,"58,046,180"
07/01/2024,212.09,217.51,211.92,216.75,"60,402,930"
06/28/2024,215.77,216.07,210.3,210.62,"82,542,719"
06/27/2024,214.69,215.74,212.35,214.1,"49,772,711"
06/26/2024,211.5,214.86,210.64,213.25,"66,213,195"
06/25/2024,209.15,211.38,208.61,209.07,"56,713,871"
06/24/2024,207.72,212.7,206.59,208.14,"80,727,008"
06/21/2024,210.39,211.89,207.11,207.49,"246,421,406"
06/20/2024,213.93,214.24,208.85,209.68,"86,172,445"
06/18/2024,217.59,218.63,213.0,214.29,"79,943,250"
06/17/2024,213.37,218.95,212.72,216.67,"93,728,305"
06/14/2024,213.85,215.17,211.3,212.49,"70,122,750"
06/13/2024,214.74,216.75,211.6,214.24,"97,862,727"
06/12/2024,207.37,220.2,206.9,213.07,"198,134,297"
06/11/2024,193.65,207.16,193.63,207.15,"172,373,297"
06/10/2024,196.9,197.3,192.15,193.12,"97,262,078"
06/07/2024,194.65,196.94,194.14,196.89,"53,103,910"
06/06/2024,195.69,196.5,194.17,194.48,"41,181,754"
06/05/2024,195.4,196.9,194.87,195.87,"54,156,793"
06/04/2024,194.64,195.32,193.03,194.35,"47,471,449"
06/03/2024,192.9,194.99,192.52,194.03,"50,080,539"
05/31/2024,191.44,192.57,189.91,192.25,"75,158,281"
05/30/2024,190.76,192.18,190.63,191.29,"49,947,941"
05/29/2024,189.61,192.25,189.51,190.29,"53,068,020"
05/28/2024,191.51,193.0,189.1,189.99,"52,280,047"
05/24/2024,188.82,190.58,188.04,189.98,"36,326,980"
05/23/2024,190.98,191.0,186.63,186.88,"51,005,922"
05/22/2024,192.27,192.82,190.27,190.9,"34,648,551"
05/21/2024,191.09,192.73,190.92,192.35,"42,309,398"
05/20/2024,189.33,191.92,189.01,191.04,"44,361,281"
05/17/2024,189.51,190.81,189.18,189.87,"41,282,930"
05/16/2024,190.47,191.1,189.66,189.84,"52,845,230"
05/15/2024,187.91,190.65,187.37,189.72,"70,399,992"
05/14/2024,187.51,188.3,186.29,187.43,"52,393,621"
05/13/2024,185.44,187.1,184.62,186.28,"72,044,805"
05/10/2024,184.9,185.09,182.13,183.05,"50,759,500"
05/09/2024,182.56,184.66,182.11,184.57,"48,982,969"
05/08/2024,182.85,183.07,181.45,182.74,"45,057,090"
05/07/2024,183.45,184.9,181.32,182.4,"77,305,766"
05/06/2024,182.35,184.2,180.42,181.71,"78,569,672"
05/03/2024,186.65,187.0,182.66,183.38,"163,224,094"
05/02/2024,172.51,173.42,170.89,173.03,"94,214,922"
05/01/2024,169.58,172.71,169.11,169.3,"50,383,152"
04/30/2024,173.33,174.99,170.0,170.33,"65,934,781"
04/29/2024,173.37,176.03,173.1,173.5,"68,169,422"
04/26/2024,169.88,171.34,169.18,169.3,"44,838,352"
04/25/2024,169.53,170.61,168.15,169.89,"50,558,328"
04/24/2024,166.54,169.3,166.21,169.02,"48,251,840"
04/23/2024,165.35,167.05,164.92,166.9,"49,537,762"
04/22/2024,165.52,167.26,164.77,165.84,"48,116,441"
04/19/2024,166.21,166.4,164.08,165.0,"68,149,375"
04/18/2024,168.03,168.64,166.55,167.04,"43,122,898"
04/17/2024,169.61,170.65,168.0,168.0,"50,901,207"
04/16/2024,171.75,173.76,168.27,169.38,"73,711,242"
04/15/2024,175.36,176.63,172.5,172.69,"73,531,766"
04/12/2024,174.26,178.36,174.21,176.55,"101,670,898"
04/11/2024,168.34,175.46,168.16,175.04,"91,070,281"
04/10/2024,168.8,169.09,167.11,167.78,"49,709,340"
04/09/2024,168.7,170.08,168.35,169.67,"42,451,207"
04/08/2024,169.03,169.2,168.24,168.45,"37,425,512"
04/05/2024,169.59,170.39,168.95,169.58,"42,104,832"
04/04/2024,170.29,171.92,168.82,168.82,"53,704,391"
04/03/2024,168.79,170.68,168.58,169.65,"47,691,719"
04/02/2024,169.08,169.34,168.23,168.84,"49,329,480"
04/01/2024,171.19,171.25,169.48,170.03,"46,240,500"
03/28/2024,171.75,172.23,170.51,171.48,"65,672,688"
03/27/2024,170.41,173.6,170.11,173.31,"60,273,273"
03/26/2024,170.0,171.42,169.58,169.71,"57,388,449"
03/25/2024,170.57,171.94,169.45,170.85,"54,288,328"
03/22/2024,171.76,173.05,170.06,172.28,"71,160,141"
03/21/2024,177.05,177.49,170.84,171.37,"106,181,297"
03/20/2024,175.72,178.67,175.09,178.67,"53,423,102"
03/19/2024,174.34,176.61,173.03,176.08,"55,215,238"
03/18/2024,175.57,177.71,173.52,173.72,"75,604,180"
03/15/2024,171.17,172.62,170.29,172.62,"121,752,703"
03/14/2024,172.91,174.31,172.05,173.0,"72,913,516"
03/13/2024,172.77,173.19,170.76,171.13,"52,488,688"
03/12/2024,173.15,174.03,171.01,173.23,"59,825,367"
03/11/2024,172.94,174.38,172.05,172.75,"60,139,473"
03/08/2024,169.0,173.7,168.94,170.73,"76,267,039"
03/07/2024,169.15,170.73,168.49,169.0,"71,765,055"
03/06/2024,171.06,171.24,168.68,169.12,"68,587,711"
03/05/2024,170.76,172.04,169.62,170.12,"95,132,359"
03/04/2024,176.15,176.9,173.79,175.1,"81,510,094"
03/01/2024,179.55,180.53,177.38,179.66,"73,563,078"
02/29/2024,181.27,182.57,179.53,180.75,"136,682,594"
02/28/2024,182.51,183.12,180.13,181.42,"48,953,941"
02/27/2024,181.1,183.92,179.56,182.63,"54,318,848"
02/26/2024,182.24,182.76,180.65,181.16,"40,867,422"
02/23/2024,185.01,185.04,182.23,182.52,"45,119,680"
02/22/2024,183.48,184.96,182.46,184.37,"52,292,207"
02/21/2024,181.94,182.89,180.66,182.32,"41,529,672"
02/20/2024,181.79,182.43,180.0,181.56,"53,665,551"
02/16/2024,183.42,184.85,181.67,182.31,"49,752,473"
02/15/2024,183.55,184.49,181.35,183.86,"65,434,500"
02/14/2024,185.32,185.53,182.44,184.15,"54,630,520"
02/13/2024,185.77,186.21,183.51,185.04,"56,529,527"
02/12/2024,188.42,188.67,186.79,187.15,"41,781,930"
02/09/2024,188.65,189.99,188.0,188.85,"45,155,219"
02/08/2024,189.39,189.54,187.35,188.32,"40,962,047"
02/07/2024,190.64,191.05,188.61,189.41,"53,438,961"
02/06/2024,186.86,189.31,186.77,189.3,"43,490,762"
02/05/2024,188.15,189.25,185.84,187.68,"69,668,812"
02/02/2024,179.86,187.33,179.25,185.85,"102,551,695"
02/01/2024,183.99,186.95,183.82,186.86,"64,885,406"
01/31/2024,187.04,187.1,184.35,184.4,"55,467,801"
01/30/2024,190.94,191.8,187.47,188.04,"55,859,367"
01/29/2024,192.01,192.2,189.58,191.73,"47,145,621"
01/26/2024,194.27,194.76,191.94,192.42,"44,594,008"
01/25/2024,195.22,196.27,193.11,194.17,"54,822,129"
01/24/2024,195.42,196.38,194.34,194.5,"53,631,320"
01/23/2024,195.02,195.75,193.83,195.18,"42,355,594"
01/22/2024,192.3,195.33,192.26,193.89,"60,133,848"
01/19/2024,189.33,191.95,188.82,191.56,"68,902,992"
01/18/2024,186.09,189.14,185.83,188.63,"78,005,750"
01/17/2024,181.27,182.93,180.3,182.68,"47,317,434"
01/16/2024,182.16,184.26,180.93,183.63,"65,603,039"
01/12/2024,186.06,186.74,185.19,185.92,"40,477,781"
01/11/2024,186.54,187.05,183.62,185.59,"49,128,406"
01/10/2024,184.35,186.4,183.92,186.19,"46,792,910"
01/09/2024,183.92,185.15,182.73,185.14,"42,841,809"
01/08/2024,182.09,185.6,181.5,185.56,"59,144,473"
01/05/2024,181.99,182.76,180.17,181.18,"62,379,660"
01/04/2024,182.15,183.09,180.88,181.91,"71,983,570"
01/03/2024,184.22,185.88,183.43,184.25,"58,414,461"
01/02/2024,187.15,188.44,183.89,185.64,"82,488,672"
11/28/2025,277.26,279.0,275.99,278.85,"20,135,619"
11/26/2025,276.96,279.53,276.63,277.55,"33,431,422"
11/25/2025,275.27,280.38,275.25,276.97,"46,914,219"
11/24/2025,270.9,277.0,270.9,275.92,"65,585,797"
11/21/2025,265.95,273.33,265.67,271.49,"59,030,832"
11/20/2025,270.83,275.43,265.92,266.25,"45,823,566"
11/19/2025,265.53,272.21,265.5,268.56,"40,424,488"
11/18/2025,269.99,270.71,265.32,267.44,"45,677,281"
11/17/2025,268.82,270.49,265.73,267.46,"45,018,262"
11/14/2025,271.05,275.96,269.6,272.41,"47,431,328"
11/13/2025,274.11,276.7,272.09,272.95,"49,602,793"
11/12/2025,275.0,275.73,271.7,273.47,"48,397,980"
11/11/2025,269.81,275.91,269.8,275.25,"46,208,320"
11/10/2025,268.96,273.73,267.46,269.43,"41,312,406"
11/07/2025,269.8,272.29,266.77,268.47,"48,227,367"
11/06/2025,267.89,273.4,267.89,269.77,"51,204,047"
11/05/2025,268.61,271.7,266.93,270.14,"43,683,070"
11/04/2025,268.33,271.49,267.62,270.04,"49,274,848"
11/03/2025,270.42,270.85,266.25,269.05,"50,194,578"
10/31/2025,276.99,277.32,269.16,270.37,"86,167,117"
10/30/2025,271.99,274.14,268.48,271.4,"69,886,531"
10/29/2025,269.28,271.41,267.11,269.7,"51,086,738"
10/28/2025,268.99,269.89,268.15,269.0,"41,534,762"
10/27/2025,264.88,269.12,264.65,268.81,"44,888,152"
10/24/2025,261.19,264.13,259.18,262.82,"38,253,719"
10/23/2025,259.94,260.62,258.01,259.58,"32,754,939"
10/22/2025,262.65,262.85,255.43,258.45,"45,015,246"
10/21/2025,261.88,265.29,261.83,262.77,"46,695,953"
10/20/2025,255.89,264.38,255.63,262.24,"90,483,031"
10/17/2025,248.02,253.38,247.27,252.29,"49,146,961"
10/16/2025,248.25,249.04,245.13,247.45,"39,776,969"
10/15/2025,249.49,251.82,247.47,249.34,"33,893,609"
10/14/2025,246.6,248.85,244.7,247.77,"35,477,992"
10/13/2025,249.38,249.69,245.56,247.66,"38,142,941"
10/10/2025,254.94,256.38,244.0,245.27,"61,999,102"
10/09/2025,257.81,258.0,253.14,254.04,"38,322,008"
10/08/2025,256.52,258.52,256.11,258.06,"36,496,898"
10/07/2025,256.81,257.4,255.43,256.48,"31,955,779"
10/06/2025,257.99,259.07,255.05,256.69,"44,664,121"
10/03/2025,254.67,259.24,253.95,258.02,"49,155,609"
10/02/2025,256.58,258.18,254.15,257.13,"42,630,238"
10/01/2025,255.04,258.79,254.93,255.45,"48,713,941"
09/30/2025,254.86,255.92,253.11,254.63,"37,704,262"
09/29/2025,254.56,255.0,253.01,254.43,"40,127,688"
09/26/2025,254.1,257.6,253.78,255.46,"46,076,262"
09/25/2025,253.21,257.17,251.71,256.87,"55,202,078"
09/24/2025,255.22,255.74,251.04,252.31,"42,303,711"
09/23/2025,255.88,257.34,253.58,254.43,"60,275,191"
09/22/2025,248.3,256.64,248.12,256.08,"105,517,398"
09/19/2025,241.23,246.3,240.21,245.5,"163,741,297"
09/18/2025,239.97,241.2,236.65,237.88,"44,249,578"
09/17/2025,238.97,240.1,237.73,238.99,"46,508,020"
09/16/2025,237.18,241.22,236.32,238.15,"63,421,102"
09/15/2025,237.0,238.19,235.03,236.7,"42,699,520"
09/12/2025,229.22,234.51,229.02,234.07,"55,824,219"
09/11/2025,226.88,230.45,226.65,230.03,"50,208,578"
09/10/2025,232.19,232.42,225.95,226.79,"83,440,805"
09/09/2025,237.0,238.78,233.36,234.35,"66,313,922"
09/08/2025,239.3,240.15,236.34,237.88,"48,999,500"
09/05/2025,240.0,241.32,238.49,239.69,"54,870,398"
09/04/2025,238.45,239.9,236.74,239.78,"47,549,434"
09/03/2025,237.21,238.85,234.36,238.47,"66,427,844"
09/02/2025,229.25,230.85,226.97,229.72,"44,075,641"
08/29/2025,232.51,233.38,231.37,232.14,"39,418,441"
08/28/2025,230.82,233.41,229.34,232.56,"38,074,699"
08/27/2025,228.61,230.9,228.26,230.49,"31,259,510"
08/26/2025,226.87,229.49,224.69,229.31,"54,575,113"
08/25/2025,226.48,229.3,226.23,227.16,"30,983,131"
08/22/2025,226.17,229.09,225.41,227.76,"42,477,809"
08/21/2025,226.27,226.52,223.78,224.9,"30,621,250"
08/20/2025,229.98,230.47,225.77,226.01,"42,263,871"
08/19/2025,231.28,232.87,229.35,230.56,"39,402,559"
08/18/2025,231.7,233.12,230.11,230.89,"37,476,191"
08/15/2025,234.0,234.28,229.34,231.59,"56,038,660"
08/14/2025,234.06,235.12,230.85,232.78,"51,916,281"
08/13/2025,231.07,235.0,230.43,233.33,"69,878,555"
08/12/2025,228.01,230.8,227.07,229.65,"55,672,301"
08/11/2025,227.92,229.56,224.76,227.18,"61,806,129"
08/08/2025,220.83,231.0,219.25,229.35,"113,854,000"
08/07/2025,218.88,220.85,216.58,220.03,"90,224,828"
08/06/2025,205.63,215.38,205.59,213.25,"108,483,102"
08/05/2025,203.4,205.34,202.16,202.92,"44,155,078"
08/04/2025,204.51,207.88,201.68,203.35,"75,109,297"
08/01/2025,210.87,213.58,201.5,202.38,"104,434,492"
07/31/2025,208.49,209.84,207.16,207.57,"80,698,430"
07/30/2025,211.9,212.39,207.72,209.05,"45,512,512"
07/29/2025,214.18,214.81,210.82,211.27,"51,411,719"
07/28/2025,214.03,214.85,213.06,214.05,"37,858,020"
07/25/2025,214.7,215.24,213.4,213.88,"40,268,781"
07/24/2025,213.9,215.69,213.53,213.76,"46,022,621"
07/23/2025,215.0,215.15,212.41,214.15,"46,989,301"
07/22/2025,213.14,214.95,212.23,214.4,"46,404,070"
07/21/2025,212.1,215.78,211.63,212.48,"51,377,434"
07/18/2025,210.87,211.79,209.7,211.18,"48,974,594"
07/17/2025,210.57,211.8,209.59,210.02,"48,068,141"
07/16/2025,210.3,212.4,208.64,210.16,"47,490,527"
07/15/2025,209.22,211.89,208.92,209.11,"42,296,340"
07/14/2025,209.93,210.91,207.54,208.62,"38,840,113"
07/11/2025,210.57,212.13,209.86,211.16,"39,765,809"
07/10/2025,210.51,213.48,210.03,212.41,"44,443,641"
07/09/2025,209.53,211.33,207.22,211.14,"48,749,367"
07/08/2025,210.1,211.43,208.45,210.01,"42,848,930"
07/07/2025,212.68,216.23,208.8,209.95,"50,228,980"
07/03/2025,212.15,214.65,211.81,213.55,"34,955,840"
07/02/2025,208.91,213.34,208.14,212.44,"67,941,805"
07/01/2025,206.67,210.19,206.14,207.82,"78,788,875"
06/30/2025,202.01,207.39,199.26,205.17,"91,912,812"
06/27/2025,201.89,203.22,200.0,201.08,"73,188,570"
06/26/2025,201.43,202.64,199.46,201.0,"50,799,121"
06/25/2025,201.45,203.67,200.62,201.56,"39,525,727"
06/24/2025,202.59,203.44,200.2,200.3,"54,064,031"
06/23/2025,201.63,202.3,198.96,201.5,"55,814,273"
06/20/2025,198.24,201.7,196.86,201.0,"96,813,539"
06/18/2025,195.94,197.57,195.07,196.58,"45,394,688"
06/17/2025,197.2,198.39,195.21,195.64,"38,856,152"
06/16/2025,197.3,198.69,196.56,198.42,"43,020,688"
06/13/2025,199.73,200.37,195.7,196.45,"51,447,352"
06/12/2025,199.08,199.68,197.36,199.2,"43,904,641"
06/11/2025,203.5,204.5,198.41,198.78,"60,989,859"
06/10/2025,200.6,204.35,200.57,202.67,"54,672,609"
06/09/2025,204.39,206.0,200.02,201.45,"72,862,562"
06/06/2025,203.0,205.7,202.05,203.92,"46,607,688"
06/05/2025,203.5,204.75,200.15,200.63,"55,221,238"
06/04/2025,202.91,206.24,202.1,202.82,"43,603,992"
06/03/2025,201.35,203.77,200.96,203.27,"46,381,566"
06/02/2025,200.28,202.13,200.12,201.7,"35,423,289"
05/30/2025,199.37,201.96,196.78,200.85,"70,819,938"
05/29/2025,203.58,203.81,198.51,199.95,"51,477,941"
05/28/2025,200.59,202.73,199.9,200.42,"45,339,680"
05/27/2025,198.3,200.74,197.43,200.21,"56,288,480"
05/23/2025,193.67,197.7,193.46,195.27,"78,432,922"
05/22/2025,200.71,202.75,199.7,201.36,"46,742,406"
05/21/2025,205.17,207.04,200.71,202.09,"59,211,770"
05/20/2025,207.67,208.47,205.03,206.86,"42,496,641"
05/19/2025,207.91,209.48,204.26,208.78,"46,140,527"
05/16/2025,212.36,212.57,209.77,211.26,"54,737,848"
05/15/2025,210.95,212.96,209.54,211.45,"45,029,473"
05/14/2025,212.43,213.94,210.58,212.33,"49,325,832"
05/13/2025,210.43,213.4,209.0,212.93,"51,909,328"
05/12/2025,210.97,211.27,206.75,210.79,"63,775,809"
05/09/2025,199.0,200.54,197.54,198.53,"36,453,922"
05/08/2025,197.72,200.05,194.68,197.49,"50,478,871"
05/07/2025,199.17,199.44,193.25,196.25,"68,616,945"
05/06/2025,198.21,200.65,197.02,198.51,"51,216,480"
05/05/2025,203.1,204.1,198.21,198.89,"69,018,445"
05/02/2025,206.09,206.99,202.16,205.35,"101,010,602"
05/01/2025,209.08,214.56,208.9,213.32,"57,365,680"
04/30/2025,209.3,213.58,206.67,212.5,"52,286,449"
04/29/2025,208.69,212.24,208.37,211.21,"36,827,633"
04/28/2025,210.0,211.5,207.46,210.14,"38,743,070"
04/25/2025,206.37,209.75,206.2,209.28,"38,222,262"
04/24/2025,204.89,208.83,202.94,208.37,"47,310,992"
04/23/2025,206.0,208.0,202.8,204.6,"52,929,168"
04/22/2025,196.12,201.59,195.97,199.74,"52,976,367"
04/21/2025,193.27,193.8,189.81,193.16,"46,742,539"
04/17/2025,197.2,198.83,194.42,196.98,"52,164,680"
04/16/2025,198.36,200.7,192.37,194.27,"59,732,422"
04/15/2025,201.86,203.51,199.8,202.14,"51,343,871"
04/14/2025,211.44,212.94,201.16,202.52,"101,352,898"
04/11/2025,186.1,199.54,186.06,198.15,"87,435,922"
04/10/2025,189.07,194.78,183.0,190.42,"121,880,000"
04/09/2025,171.95,200.61,171.89,198.85,"184,395,906"
04/08/2025,186.7,190.34,169.21,172.42,"120,859,508"
04/07/2025,177.2,194.15,174.62,181.46,"160,466,297"
04/04/2025,193.89,199.88,187.34,188.38,"125,910,898"
04/03/2025,205.54,207.49,201.25,203.19,"103,419,000"
04/02/2025,221.32,225.19,221.02,223.89,"35,905,898"
04/01/2025,219.81,223.68,218.9,223.19,"36,412,738"
03/31/2025,217.01,225.62,216.23,222.13,"65,299,320"
03/28/2025,221.67,223.81,217.68,217.9,"39,818,621"
03/27/2025,221.39,224.99,220.56,223.85,"37,094,770"
03/26/2025,223.51,225.02,220.47,221.53,"34,532,660"
03/25/2025,220.77,224.1,220.08,223.75,"34,493,578"
03/24/2025,221.0,221.48,218.58,220.73,"44,299,480"
03/21/2025,211.56,218.84,211.28,218.27,"94,127,766"
03/20/2025,213.99,217.49,212.22,214.1,"48,862,953"
03/19/2025,214.22,218.76,213.75,215.24,"54,385,391"
03/18/2025,214.16,215.15,211.49,212.69,"42,432,434"
03/17/2025,213.31,215.22,209.97,214.0,"48,073,434"
03/14/2025,211.25,213.95,209.58,213.49,"60,107,578"
03/13/2025,215.95,216.84,208.42,209.68,"61,368,328"
03/12/2025,220.14,221.75,214.91,216.98,"62,547,473"
03/11/2025,223.81,225.84,217.45,220.84,"76,137,406"
03/10/2025,235.54,236.16,224.22,227.48,"72,071,203"
03/07/2025,235.11,241.37,234.76,239.07,"46,273,566"
03/06/2025,234.44,237.86,233.16,235.33,"45,170,422"
03/05/2025,235.42,236.55,229.23,235.74,"47,227,641"
03/04/2025,237.71,240.07,234.68,235.93,"53,798,059"
03/03/2025,241.79,244.03,236.11,238.03,"47,183,992"
02/28/2025,236.95,242.09,230.2,241.84,"56,833,359"
02/27/2025,239.41,242.46,237.06,237.3,"41,153,641"
02/26/2025,244.33,244.98,239.13,240.36,"44,433,559"
02/25/2025,248.0,250.0,244.91,247.04,"48,013,273"
02/24/2025,244.93,248.86,244.42,247.1,"51,326,398"
02/21/2025,245.95,248.69,245.22,245.55,"53,197,434"
02/20/2025,244.94,246.78,244.29,245.83,"32,316,910"
02/19/2025,244.66,246.01,243.16,244.87,"32,204,221"
02/18/2025,244.15,245.18,241.84,244.47,"48,822,488"
02/14/2025,241.25,245.55,240.99,244.6,"40,896,230"
02/13/2025,236.91,242.34,235.57,241.53,"53,614,047"
02/12/2025,231.2,236.96,230.68,236.87,"45,243,289"
02/11/2025,228.2,235.23,228.13,232.62,"53,718,359"
02/10/2025,229.57,230.59,227.2,227.65,"33,115,648"
02/07/2025,232.6,234.0,227.26,227.63,"39,707,219"
02/06/2025,231.29,233.8,230.43,233.22,"29,925,350"
02/05/2025,228.53,232.67,228.27,232.47,"39,664,992"
02/04/2025,227.25,233.13,226.65,232.8,"45,067,301"
02/03/2025,229.99,231.83,225.7,228.01,"73,063,297"
01/31/2025,247.19,247.19,233.44,236.0,"101,075,102"
01/30/2025,238.67,240.79,237.21,237.59,"55,658,281"
01/29/2025,234.12,239.86,234.01,239.36,"45,486,102"
01/28/2025,230.85,240.19,230.81,238.26,"75,707,570"
01/27/2025,224.02,232.15,223.98,229.86,"94,863,422"
01/24/2025,224.78,225.63,221.41,222.78,"54,697,910"
01/23/2025,224.74,227.03,222.3,223.66,"60,234,762"
01/22/2025,219.79,224.12,219.79,223.83,"64,126,500"
01/21/2025,224.0,224.42,219.38,222.64,"98,070,430"
01/17/2025,232.12,232.29,228.48,229.98,"68,488,305"
01/16/2025,237.35,238.01,228.03,228.26,"71,759,047"
01/15/2025,234.64,238.96,234.43,237.87,"39,831,969"
01/14/2025,234.75,236.12,232.47,233.28,"39,435,289"
01/13/2025,233.53,234.67,229.72,234.4,"49,630,727"
01/10/2025,240.01,240.16,233.0,236.85,"61,710,859"
01/08/2025,241.92,243.71,240.05,242.7,"37,628,941"
01/07/2025,242.98,245.55,241.35,242.21,"40,855,961"
01/06/2025,244.31,247.33,243.2,245.0,"45,045,566"
01/03/2025,243.36,244.18,241.89,243.36,"40,244,113"
01/02/2025,248.93,249.1,241.82,243.85,"55,740,727"
